{
    "20 cols": {
        "1dim": 18.665,
        "2dim": 38.26173826173826,
        "3dim": 49.504950495049506
    },
    "40 cols": {
        "1dim": 18.21,
        "2dim": 45.75424575424575,
        "3dim": 50.495049504950494
    },
    "80 cols": {
        "1dim": 18.78,
        "2dim": 49.400599400599404,
        "3dim": 56.43564356435643
    }
}