{
    "baseline": {
        "feature_importance": {
            "frac_tar": 1.1499333362643682,
            "nrtv": 0.16195346139448383,
            "nkc": -0.08962363395838553,
            "bs": -0.031648851676303394,
            "ndtv": 0.011819989319414427
        },
        "accuracy": 0.7891945074442731,
        "precision": 0.8201515967784772,
        "recall": 0.9025346369964147,
        "f1": 0.8593732383389078,
        "roc_auc": 0.704610862556549
    },
    "narrow_attack": {
        "feature_importance": {
            "nkwot": -1.8965289814696873,
            "nkwt": 1.228166934732714
        },
        "accuracy": 0.7473140778926507,
        "precision": 0.747549307116461,
        "recall": 0.9753018765471775,
        "f1": 0.8463716993731597,
        "roc_auc": 0.5771709955057818
    },
    "full_attack": {
        "feature_importance": {
            "frac_tar": 1.0373535750005072,
            "nkwot": -0.776766033911747,
            "nkwt": 0.5286059102900621,
            "nrtv": 0.1452894221644694,
            "nkc": -0.09277842648229893,
            "bs": -0.056326922223010514,
            "ndtv": 0.018732129254212266
        },
        "accuracy": 0.7921864065067228,
        "precision": 0.8206115052241847,
        "recall": 0.907110402449611,
        "f1": 0.8616956576778393,
        "roc_auc": 0.7064207513912542
    }
}