{
    "attack_columns": [
        "nrtv",
        "ndtv",
        "c",
        "nkwt",
        "nkwot",
        "bs",
        "nkc",
        "tp",
        "table",
        "capt",
        "cap",
        "frac_tar"
    ],
    "naive": {
        "compute_metrics": {
            "accuracy": 0.5663596355032905,
            "precision": 0.8617110682063575,
            "recall": 0.4673942152038219,
            "f1": 0.606059991610854
        }
    },
    "baseline": {
        "feature_importance": {
            "frac_tar": 1.2514076578456947,
            "table_intrusion": 0.5508284842839781,
            "table_credit": -0.2453818362878065,
            "table_news": -0.11099592526108094,
            "table_BankChurnersNoId": -0.10425600141550566,
            "table_alarm": -0.08999852121960682,
            "table_national2019": 0.046950981400078313,
            "nkc": 0.04097478485889746,
            "table_insurance": -0.026601416904510736,
            "table_adult": -0.015003437169629196,
            "table_census_extended": -0.013047955722816933,
            "table_census": 0.012148738384269246,
            "ndtv": 0.004504539082097834,
            "table_KRK_v1": -0.0015790664047990474,
            "table_age-weight-sex": -0.0014598272170048144
        },
        "accuracy": 0.7998702204307523,
        "precision": 0.8251286047412731,
        "recall": 0.913093447156218,
        "f1": 0.866885241995355,
        "roc_auc": 0.7153738179629637,
        "compute_metrics": {
            "accuracy": 0.7998702204307523,
            "precision": 0.8251286047412731,
            "recall": 0.913093447156218,
            "f1": 0.866885241995355
        }
    },
    "narrow_attack": {
        "feature_importance": {
            "nkwot": -1.8965289814696873,
            "nkwt": 1.228166934732714
        },
        "accuracy": 0.7464947691444807,
        "precision": 0.7456629400182336,
        "recall": 0.9785686487614222,
        "f1": 0.8463855788207119,
        "roc_auc": 0.5733023200198721,
        "compute_metrics": {
            "accuracy": 0.7464947691444807,
            "precision": 0.7456629400182336,
            "recall": 0.9785686487614222,
            "f1": 0.8463855788207119
        }
    },
    "full_attack": {
        "feature_importance": {
            "frac_tar": 1.144306054789073,
            "nkwot": -0.6594093576224942,
            "table_intrusion": 0.5140561339162856,
            "nkwt": 0.4274109772486738,
            "table_credit": -0.2355185971649848,
            "table_news": -0.1013539444979008,
            "table_BankChurnersNoId": -0.09441073047184673,
            "table_alarm": -0.08822886868077243,
            "table_national2019": 0.05119562843794022,
            "bs": -0.03333465186735772,
            "nkc": 0.021086720890809398,
            "table_insurance": -0.02063035167288123,
            "table_adult": -0.01742826148120953,
            "table_census_extended": -0.014324536356985036,
            "ndtv": 0.010228155176947161,
            "table_census": 0.007726045950312015,
            "table_age-weight-sex": -0.001393694516034329,
            "table_KRK_v1": -0.0013808227889899822
        },
        "accuracy": 0.8015850697799582,
        "precision": 0.8251897085543519,
        "recall": 0.9160381549739561,
        "f1": 0.8682439259798073,
        "roc_auc": 0.716170846656983,
        "compute_metrics": {
            "accuracy": 0.8015850697799582,
            "precision": 0.8251897085543519,
            "recall": 0.9160381549739561,
            "f1": 0.8682439259798073
        }
    }
}